Title,Company Name,Job Location,Salary,Job Description,Job Link
developer Senior Software Engineer,Mphasis,Bangalore/Bengaluru,Not disclosed,"Responsibilities •To architect, design and develop (through Team) solution for product/...",https://www.naukri.com/job-listings-developer-senior-software-engineer-mphasis-limited-bangalore-bengaluru-4-to-6-years-190822905758
Senior Software Engineer -  Robotic Process,CitiusTech,"Mumbai, Pune, Bangalore/Bengaluru",Not disclosed,"Responsibilities : Participating effectively in the design, development, validation and...",https://www.naukri.com/job-listings-senior-software-engineer-robotic-process-citiustech-mumbai-pune-bangalore-bengaluru-4-to-6-years-200822500106
Senior Software Engineer - Systems,Mphasis,"Noida, Pune, Bangalore/Bengaluru",Not disclosed,"Role: Java Developer with Microservices, AWS cloudWho are we looking forSenior software...",https://www.naukri.com/job-listings-senior-software-engineer-systems-mphasis-limited-noida-pune-bangalore-bengaluru-4-to-6-years-190822905855
Senior Software Engineer,Mphasis,"Pune, Bangalore/Bengaluru",Not disclosed,Role: React JS DeveloperLocation: Pune or BangaloreWho are we looking for?React JS deve...,https://www.naukri.com/job-listings-senior-software-engineer-mphasis-limited-pune-bangalore-bengaluru-4-to-6-years-190822905852
Senior Software Engineer,Mphasis,Bangalore/Bengaluru,Not disclosed,Role - RPA Senior EngineerWho are we looking for Looking for 6+ years of IT experience....,https://www.naukri.com/job-listings-senior-software-engineer-mphasis-limited-bangalore-bengaluru-6-to-11-years-190822905843
Senior Software Engineer,Mphasis,Bangalore/Bengaluru,Not disclosed,Who are we looking for?React JS developer: 4 – 8 years of experienceTechnical Skills:Re...,https://www.naukri.com/job-listings-senior-software-engineer-mphasis-limited-bangalore-bengaluru-4-to-8-years-190822905853
Senior Software Engineer,Mphasis,Bangalore/Bengaluru,Not disclosed,Role: Senior software engineerWho are we looking forExcellent working experience on Cor...,https://www.naukri.com/job-listings-senior-software-engineer-mphasis-limited-bangalore-bengaluru-4-to-8-years-190822905828
Senior Software Engg - Systems,Mphasis,Bangalore/Bengaluru,Not disclosed,"Who are we looking for?Looking for 3-5yrs, 5-8yrs & 8-10yrs Java professionals for Desi...",https://www.naukri.com/job-listings-senior-software-engg-systems-mphasis-limited-bangalore-bengaluru-3-to-8-years-190822905815
Delv Senior Software Engineer,Mphasis,Bangalore/Bengaluru,Not disclosed,Role: Senior User Experience DesignerWho are we looking forSenior User Experience Desig...,https://www.naukri.com/job-listings-delv-senior-software-engineer-mphasis-limited-bangalore-bengaluru-8-to-10-years-190822905813
Senior Software Engineer,Mphasis,Bangalore/Bengaluru,Not disclosed,Who are we looking for?Windows Driver Developer : 2- 4 years of experienceTechnical Ski...,https://www.naukri.com/job-listings-senior-software-engineer-mphasis-limited-bangalore-bengaluru-4-to-6-years-190822905801
Senior Software Engineer,Mphasis,Bangalore/Bengaluru,Not disclosed,"Job descriptionJob DescriptionRole: Senior Software Engineer (.Net, C#, C++, Win32, Des...",https://www.naukri.com/job-listings-senior-software-engineer-mphasis-limited-bangalore-bengaluru-6-to-8-years-190822905740
Senior Software Engineer,VISA,Bangalore/Bengaluru,Not disclosed,"Bachelor or Master Degree in Computer Science, or related technology / engineering disc...",https://www.naukri.com/job-listings-senior-software-engineer-visa-inc-bangalore-bengaluru-3-to-6-years-190822501276
Senior Technical Staff - Software Engineer,Salesforce,"Hyderabad/Secunderabad, Bangalore/Bengaluru",Not disclosed,Proficient in writing functional automation (UI / API) Proficient in designing and auto...,https://www.naukri.com/job-listings-senior-technical-staff-software-engineer-salesforce-hyderabad-secunderabad-bangalore-bengaluru-2-to-6-years-190822501105
Senior Software Engineer,Mphasis,Bangalore/Bengaluru,Not disclosed,Primary Competency –Angular 10.0+ DeveloperPrimary Skill –Front-end Developer / Angular...,https://www.naukri.com/job-listings-senior-software-engineer-mphasis-limited-bangalore-bengaluru-4-to-6-years-190822905827
Senior Software Engineer,Mphasis,"Pune, Bangalore/Bengaluru",Not disclosed,"Role: Java Developer with Microservices, AWS cloudWho are we looking forJava developer:...",https://www.naukri.com/job-listings-senior-software-engineer-mphasis-limited-pune-bangalore-bengaluru-4-to-6-years-190822905821
Senior Software Engineer,Mphasis,"Pune, Bangalore/Bengaluru",Not disclosed,Role: React JS DeveloperLocation: Pune or BangaloreWho are we looking forReact JS devel...,https://www.naukri.com/job-listings-senior-software-engineer-mphasis-limited-pune-bangalore-bengaluru-4-to-8-years-190822905778
Senior Software Engineer,Mphasis,Bangalore/Bengaluru,Not disclosed,6+ years hands-on Java Development Strong experience in Core Java or Java 1.8 Applicati...,https://www.naukri.com/job-listings-senior-software-engineer-mphasis-limited-bangalore-bengaluru-6-to-11-years-190822905833
Senior Software Engineer,Mphasis,Bangalore/Bengaluru,Not disclosed,8 to 12 years of experience in working on Enterprise Product delivery,https://www.naukri.com/job-listings-senior-software-engineer-mphasis-limited-bangalore-bengaluru-4-to-6-years-190822905763
Senior Software Engineer - Systems,Mphasis,Bangalore/Bengaluru,Not disclosed,"Must have strong knowledge in Object oriented development, version control, release man...",https://www.naukri.com/job-listings-senior-software-engineer-systems-mphasis-limited-bangalore-bengaluru-3-to-8-years-190822905761
Senior Software Engineer - Systems,Mphasis,Bangalore/Bengaluru,Not disclosed,Who are we looking forLooking for 5+ years of JAVA developer with experience in design ...,https://www.naukri.com/job-listings-senior-software-engineer-systems-mphasis-limited-bangalore-bengaluru-5-to-10-years-190822905748
"HTML, CSS, Javascript Developer",Infosys Limited,"Pune, Maharashtra",Not Disclosed,Primary skills:UI & Markup Languages->Angular JS (HTML/ CSS/ Javascript/ Bootstrap/ Jquery/ HTML5/ CSS3/ AngularJS/ Angular 2/ Angular 4/ Angular 5/ Angular 6/…,https://in.indeed.com/pagead/clk?mo=r&ad=-6NYlbfkN0C0E1kVSxZWqg_3rwn6zUnYbszXdTQpf9L-zhTFANv_MIJ-LsmYd4ECt-y6Uekf4eODogumzP5DGxJeimNFvxeIuL058OeK_zi4anMyqjzRU80SaIMdaWGBPh_qgCosaB54JJgWeVhr26D6nwpey4CjzUJBwDQygmXseKYBz_8gA2vAtKnMC3D6z1Q4GN3KHJQHX29N8qIMlCdjScARLclIfAQbfI1Jebjj_0_rCJN7yfbUhzoO4DUJYIhBE1Fv1xwfXVGOU7SL7TW0FKYUDJ5yUHo9Ur-s3TcI-xB5eFJdCK7KIIMMp3sYNBY3x0_jY7oqxW3XKUgr9U76a2Txo2akKZSDmRFyaaBqmWcXHDryesbIu58j1r8cRKJvkviuPHNloVyRAyNhHOf37ptjfoMLZXYC7rnv8rlwxKcczDjeRycMSmQpLpl0GELSGb0cchcaEVxA1cxG3-F_6Wid8VSxuC5Sia3AmgvBK2K_-ORtsfnl1BYxnU4x_kGw96Jg7b6ZhiQw2CZ2gqqwS3HTRXN_&xkcb=SoAm-_M3af98L--pt50LbzkdCdPP&p=0&fvj=0&vjs=3
Software Engineer II,Indeed,"Hyderabad, Telangana","₹29,20,000 - ₹43,80,000 a year","Bachelor’s degree in Computer Science, Mathematics, Electrical Engineering, Computer Engineering or equivalent field required.",https://in.indeed.com/pagead/clk?mo=r&ad=-6NYlbfkN0DWhcgmADz_twSLwem2iYl2ct_LZF9UYK3pCI3i-FPPnosTcElHSHH8OMq4GpF-9BelMmrc02GCW_YbFxA8jiT1vZj3QKID-SrLiEUcUwzIVTPbHCPQB779OVfHi-Y3-KiVZ7WLEGxxBWzinEhyONxy_TeFCSXJCDDs7Y9SWZamnsERuRhQTirRlWVv-9csZpToD_RxpoGngphprrCcNM35S-6_tpHcNbnK05FfrjBWP3N5T1MtMbxwVp0w-eU07BtzpT_5rov2gtxyHCx84KFyxS7qlmKBaVrcm5dAHuXFdq2Y9rfjy2AAkwjGcGcTUVHD29danHDI8pd4oFYNWU8TQr7DAm-RAzeq_LacM5iuCeW_JsUsopBal67Gh0LtMhEfHY9mIkiXa2koEM3k9R4kvcVxCUSw3qSg0Vb21j5bQ7yOLkOlB_xy8aFZWv92FV15YpuHqPPAlEnHd1A0YLPy46J_AZsMMEfSF_BC_J8ZAz-B_F6kCI5ayFPeUkl8vxsuSH-Tr1qDPbWEk-XLGjW1PXRifDgT0F-OgOsThq7a5KfqdGlAor6S&xkcb=SoCS-_M3af98L--pt50KbzkdCdPP&p=1&fvj=0&vjs=3
"Software Engineer, Next Innings",Google,"Bengaluru, Karnataka",Not Disclosed,"Work with a talented team of software engineers to design and build the services, applications, and tools to enable customers to build their solutions on Google…",https://in.indeed.com/pagead/clk?mo=r&ad=-6NYlbfkN0B6LV1r5rpdxHXQFKF2tEJssbaTH9yAUMN6EqMbe2y0QSZpXHZGWWZrzev39fli2Y8vapJDYPdXgizBqG6VmBIYQlaFXRowIV4JaZiSWe1U_oPYU7JZnqpHuzVyfQ2nLI-vhO6Qo4b-syjv6E1OK5gPQx3YYwyD39AkJv2XUw6rv2_-Yc1eWEwYWIc8lALUKWQbbbhwuUr8w3pFL8YlDYXu6-97DEvSImKihTRTXTSS2PHzsfPd2drzH2HZgY1vVrHjdBlJn741FI3VxzlD3XzaU8P2MaPyHfHji3uXOjw2DhOd7zQ4ZSXZsc4Ns_0oikXbtO1vt29HTKPkuJulzJLR7kcpUVtZsihhEkDyZJfDG8oEEFEHkXERdPyad3ljt1GIOw9f-C_NWnerpRi9ST4FfosThpLZwBLcjA6PPv2xH0LRTap0gF90FcrCrGpgrKBrj_idFbrLzUvgihbSl6rr3MY95r4iIN_hbDYOJ0gY0aKy-51UHE4Iibv442eczfGIh02SA5B35LtZF_Rl2JNddEtdvBy6JTx3V6ad4KNXtVakIDXElvTi3rasGTq6LBIFhAOnk0FCL63OjlehMUUbsRlIDdDrqb4ZjnKmddnJiNlUp-aSTGcqxp49R9ZijH97mJxW0hAssoOQDLTt3pi2r4VC2_Du4wwuQCeJXfVR9n2wE50K3SNxg01HzIxZ5tbhTXEzZWPh9GgrnNByPO3DNlAhOGBBqAFlsMpuD26OKmlSPKRLlH5DkkZ_dB1AfCs=&xkcb=SoAP-_M3af98L--pt50JbzkdCdPP&p=2&fvj=0&vjs=3
Python Software Engineer,LeapMile Logistics Private Limited,"CV Raman Nagar, Bengaluru, Karnataka","₹5,00,000 - ₹9,00,000 a year",Ability to work in a dynamic environment with minimal supervision.Able to Implement fast reliable code with test cases.,https://in.indeed.com/pagead/clk?mo=r&ad=-6NYlbfkN0AznObNhYHsHcIZKwEQCkYrdeBBUPcsmLia5NUq5mDdxkK3D-xL2nCnuSFIZZc5eA7CoBsuWo3bVjnB35Bij6AfMZ-94QEV0mdsfGidUvQY4v7ux6jX_VmQGBwF264Okk00C469znJD3uMzZ0-s8bFvN7ApbBaCMGsqVNlZRPmqmQd3WT-E41EQTFC4xhQFy3LQVtzrbHZdog42mO-Ekh8rf6hMpdDKSGVc0SOixqXAy1onNKRO-VgAaAoc-XaRTMq_pTpmIzOP3Ylq0sXdLToGp75bDkEVmWkP3ZIKWR7OI0pHB1Ncv0O7-xZuKMq9i-rtUlQbcfydvAAKxlr-3lptc686l_13fmhMQ9Dn34OCD1GEYj7pnOn2ieTNLNUgbi-AYPyrJDNiSZj8k34iimUcu0AIr3V_JRoD7b1AxlroKi3monWT5nT-yW9CyJ3eLzWJ9Xv1Nos-p7_Rn_cSL2ZN_wEz7vVo3KuCDaQR8Yu3TA==&xkcb=SoCQ-_M3af98L5ept50LbzkdCdPP&p=3&fvj=1&vjs=3
Staff Software Engineer,Google,"Hyderabad, Telangana+1 location",Not Disclosed,"Interest and ability to learn other coding languages.We're looking for engineers who bring fresh ideas from all areas, including information retrieval,…",https://in.indeed.com/pagead/clk?mo=r&ad=-6NYlbfkN0B6LV1r5rpdxHXQFKF2tEJssbaTH9yAUMN6EqMbe2y0QSZpXHZGWWZrzev39fli2Y_xDCmN0fXaMuzdL_MlbmJZeLm1oDmAywN9eEGdaVyk63K-bFoCM6jGFg6yFYaerCeKxuTSLFfTm13nFrEYfnjtxfMuUXPoXrHNgYPV7LjYU1s658xJAM2N8yaRRin3n1P1OfP7YvHnbBYaoYfzKIc-LAJJu3H5t6K2gsBR6YbNdDLYv89z2S2mjFW1GnXtXKIpwHxySdYisRwPwNC50rTtOG5hWIojaSrH3ODsEnxoi3-rd2h2N5lMy3u4k-2oMZpUFTN8ErbcB2Yr2PD2OO8z4cSvM-X9cJq_HZZFYkK6AQaXXtVG5HxcI0rvCnh8X1WGcgrYiFCikjFdCW2baRHOXESQTSWqE9wyC_a2QLoCLopMtZcjFgr9r5DQyR0QI0clvBjILIDyqfahs0G4I-CPCJGeOHWmsAiRXWuI2tTkp1Tjx8Ez1RAB-4_gvtoxK9I8k-Eef6ovY0zJkusbVLz5IhB5D0GkNSpNMciZ_WOGKgz-P2Z2xKrMncuLyXbzs8c-RMrePiiyNvCKujWEaeGHaictyGKDUP5Q6p06WokJ8ayxU_ky8JnPJy3Fsjj5gzKJ1e81xlRnl7GLGRiHsvDILYlOHSVge36Agi5SVDbh_AUWqnvFea_ldySr-vjhU9m3oqIWuELsLZK7ZkppoBguHW0huuiUKmmRvQnsctKqHu4eG1Y9B5I0cwm9-dclVnJjIjo-83N6xw==&xkcb=SoAk-_M3af98L5ept50KbzkdCdPP&p=4&fvj=0&vjs=3
"Software Engineer, Engineering Productivity",Google,"Bengaluru, Karnataka",Not Disclosed,"We're looking for engineers who bring fresh ideas from all areas, including information retrieval, distributed computing, large-scale system design, networking…",https://in.indeed.com/pagead/clk?mo=r&ad=-6NYlbfkN0B6LV1r5rpdxHXQFKF2tEJssbaTH9yAUMN6EqMbe2y0QSZpXHZGWWZrzev39fli2Y-Ei-aFDJpc5RdoBrO813NgRNQ-88NK27_uQuZaqh1E21SUz-7v3VdDhAQ4oT7DuHxGGEASddTRf4YsXir__YI8Z7VNTzlOmKTYSzEblsS0qmWP_k1nZyaViVSx_K0Dsbl9uC4Zl_TfstSdk1R73-1y5KjlpIm9IoVzPOtoa5deAHOHnImTQvIjopBxl7tL4cFYXLr0qdZfxHYT__SGgtF7MvEMw8WPpNrg1vncmjOdOvrQF486HQEsJP5rW0K2SYPFbLI6M9HMs0HCKgNV1FYvefoJzXzLcyrKqvDsuQ_47V-Vh_JHWcxsRAduloSwJdfjYN3_bPuFXyBddWe1PZS9wIqPx0ogJOgvppk4LHnEyJXUBSQWOvCKB-7GtBa8itBRDo5yrSlUIuVpIRoHk-mPcdUi2tjH-62jA2poaBlECxhK_t11xzOogaSW-TISsfpJBoeKWTlbSxvdOLIdfczikNX4o3ZPXeMf_1jDyCz9RWa9lYScX-L7gcIBf2EZJudunStNZVPWvoJTc2eMSIEJod7ZUeiSOowdvrmWasg8h-EBX5GlH1y06zRCz9OnDDgSXxYeEPbw3z5KXmXd4kVF3yqccz1PiSFyMUMC4-PEzjhaglGoBw90PTDEYZwhpih7Ic5ce8hvIIN3xz8V-yxVH1miy5F5siuH9l0Ul328HxlE6Cj4qQgvSmnNROCuwDE=&xkcb=SoC5-_M3af98L5ept50JbzkdCdPP&p=5&fvj=0&vjs=3
"Software Engineer, Back End",Google,"Bengaluru, Karnataka+1 location",Not Disclosed,"Demonstrated ability to share knowledge via formal mentoring, reviewing code, reviewing design documents, providing technical talks, teaching classes, or as a…",https://in.indeed.com/pagead/clk?mo=r&ad=-6NYlbfkN0B6LV1r5rpdxHXQFKF2tEJssbaTH9yAUMN6EqMbe2y0QSZpXHZGWWZrzev39fli2Y-QG_hWlzL7Kb1gczhba84r8OcbqLE1dyjzYalMApiOr1RrkXPP2SQ-hY2prCWulIAMXt-MKODa_PY5-CaXtztIkQqKvVqAfBFwuC9kobfwhfvQRFpRRFALKU-PeCLQqCfB-Er0VXJjc_RJJ8VIp2JjOw_zuqM6fpBJkwbs66awnHCeUAENxbAGRH64VmbxL8BNLQD8olRK4D413GbkrD_wuRfdKStcmrnzEqblg9pDLdEwi5IR_Z5Luv8YldTk8nCTZ7OsCfSFai8mFaViYGwsg_MsUhEW0T6YKnCtMs_dp1yVtWE58p-4ueCE1w5ym1DZ5u3b4iyAFfbHIzJ-ChfX-rWlj1QZUo0x4QRtSiZAXhylSKGbhr6BjpGDL7thc8v_Rp-dheRTiBV9u30O8tOD7-qRo371GAxvRODsQ5UiZbtkuYuU7UTChcNh8OuSpey7xcNuukMlxglauvnLt68dJ1vlye6-C8ly5BjmitLu724o8E9eZe328Pk-8Sv70vBfWz2vZ3UubEfjvxjKY4t8AA_BjwTWZlmmsV9KLoe2khpOpwv00Q_swZACyUehnQtlCMEeLmY3qsC2ll2AVor4-qTW53c1BOLdiIJW6xtMN6qKuroZLrdy3xES1f1V8DA8MeNvqBqbuSYMC2FhIbiLOjFUYh3VTnM_i2hxwvWAZFTbB_5YodKgaO2rDMFfzEg=&xkcb=SoAN-_M3af98L5ept50IbzkdCdPP&p=6&fvj=0&vjs=3
Senior Software Engineer - ServiceNow Developer - Relocation...,Emirates Airline,India,"₹3,59,082 - ₹7,18,164 a month",Self-starter and has passion for exploring and learning new technology with relevant experience in one or more of these areas and a good hands on experience in…,https://in.indeed.com/pagead/clk?mo=r&ad=-6NYlbfkN0Do-AV5V1H6Q6MOyo2ETGDIp3Zf-WcoRhl-NlCeDfvpoCtPO4UoZDlDxYm_hscgR-RNewC2Y9EBWnLSanlqN71Sg9RIRsBzWKP5eBRbh7K7GV1gGj7gsf5JltY_KF62NVHDN3VhhhDXM0RlIUmTTvKe5_KIdoICPBYCMrf7J8z8pr0iXxOfbqPjL4sfyXz517PPZx7HA5jifC-BtTvLB3sJF1P3dyEyaKZyKQvsijsJljWKDPEFTf9FjrtW_kvn1nyIByLHAadX681F1UJh7q1siZF-eu_0MQj8BIHEjSDq6jaNWLhIvZcIUiy8CzvW11OOGZpsjgsjI7o01HXIW6Us0MsD_GUCUebabhDAKh2Uc9VeVAcciqNN3GtnlUsOtqui5yviyefMkLIBrvcl5AfmnOgNOlVX3AJwGsIZmnH4O4Y6diBtTbieTg-ccIP1iiM=&xkcb=SoCD-_M3af98L5ept50PbzkdCdPP&p=7&fvj=1&vjs=3
Software Development Engineer(SDE),TELUS International,"Noida, Uttar Pradesh","₹20,294 - ₹1,00,566 a month","4+ years of Professional Experience.MUST HAVE Selenium, Java, Java Script, Automation Testing, Github, TestNG, BDD framework, SQL, Agile Methodology, Manual…",https://in.indeed.com/pagead/clk?mo=r&ad=-6NYlbfkN0BKTdDLzvA0OPsH7Bj8-c9Kc_Pxx7lvsBbJ6Fxi_3Ay_rajbq_BexHGmrl7nzMquHu4CnROyPo7HAUM-d6uceNDSyyBtJ-xUE7PFuUguwbLrOaZEPBosoRxMmwH3H_IA_FWRZ6N8UM0jbAM1vv2WLYvyvQ-2NAKiOQSTXoh7Tz4q56fe_PG0gUYz2e8fpUIHi7mXZC_13Tkt0kdCMMdPVCfZMh42UVzWAS5uPAIe0dIlTVGaYaRPZDKNO_GZ8eQGnOIeb_hul838vAURL69pyQUqeGnK0IoPQxP9BlYfrcpGLl1Hw-ONWuFkskzWBDKuVgIeCyBApYdRRBEySJgl--Ju5OVvQVVY8ZuWKYhdbDI7noec90w7tOkinyk7c1_hn3-5rs3JhePd_YGCbgOz-GcchV5134X85QymKmvByaChv4xGWMgTH3dlBysNKk0md7ptoe0saSgyVjAVCvESFElnM7_R_EjnM5Lz9pnLsKn1jQ2jWvOiMEi8D7d8uJYa2E=&xkcb=SoA3-_M3af98L5ept50ObzkdCdPP&p=8&fvj=1&vjs=3
Software Developer,Miles Technologies,"Remote in Mumbai, Maharashtra","₹7,00,000 - ₹20,00,000 a year",Bachelor’s Degree in a related field and at least 2-3 years of Full Stack Web Application Development Experience.PREFERRED EXPERIENCE (ANY OR ALL ARE A PLUS):,https://in.indeed.com/pagead/clk?mo=r&ad=-6NYlbfkN0BVdf1B6PmM0EbVgUWLOgQvNQRrNviRWdVUeK6ei5hun-ZKKS2PiNu0hRCuZyixg2imqznSZhBI2TmOhsQRUJgv13sYvnuDEcFqtzKpUQRHp9379LO79D6CjNels8b1LluycuGg6KAaPKlz5qvsS2wQ4TGtqeSd_yeSlowaDH0fXESMW0IAzQS9VTBUgwNHW1MrYKLidp9uvMAAuZapxjfAt3ugMQSiFR55ahYKDnP1FZcTk0OHmF0REhYNceErhRshv3bXWzwlY6M76NSh470iyt-iHAqBg06c3ZMX8PFODBY7CJTHDtL2nDmDShbZFZ-HqipBkvUsRKGoNaJUOd8SVcQoEIMgjcrRM5azq7BR9WNDdGxEjqWcQS9kR6vDShHSi8GdVBFXM5Z2mIGXWmZQr61SLC3LtQdJ0RAOrhjmsz-UEZZtQBWlwyQVfXoFHCg8qYhCS_6lBZiF5WkvEG4rI4W1G5a3DTURGgcN98zLTkug4ChlaSowjTbdhTUhIPs=&xkcb=SoDV-_M3af98L5-pt50LbzkdCdPP&p=9&fvj=1&vjs=3
"Software Engineer, Machine Learning",Google,"Bengaluru, Karnataka",Not Disclosed,"We're looking for engineers who bring fresh ideas from all areas, including information retrieval, distributed computing, large-scale system design, networking…",https://in.indeed.com/pagead/clk?mo=r&ad=-6NYlbfkN0B6LV1r5rpdxHXQFKF2tEJssbaTH9yAUMN6EqMbe2y0QSZpXHZGWWZrzev39fli2Y9JkOyp7NKKT_yBMXV6G8w7hD2ouPM3Jda8d11fpHwuXp-cPL9OmWCsJl5evC_qayPAzCnMgNmIWNROHeixkMYSSoKaxvk4iU7YUEE7hF4rFtn-qVceyyOUDLUvr7gbysT8rPtIInD74jStjiFRZ9paFX9dsdO8xvdycLEBZMRZY3iGUIlhmRNWvogGF_ddwMcY_kd7fLaYGz_na8bvPgbdxeqMZB6m3KBjOQxv-My3PxT8U2CRJXFEF8h8TeBZ3bVBBGp1RlIIzcmMkGp2dvDI9KLtOzuBOXenqXyHIOl9Hp6zxMQTXbUUhw0QVEMCWMtD40dqxwUs7YI369ik39XfNgtiNuYLepPxS6X857vC0qR2nHoBkFYX9-ZtvTVyr94ulIv5-Q8BlDDd3zBRuGjmOkhQ74Du1A7-cHo-bwdX5Shp9M6uGwTmAoViqrlKF7erBDa2JoME-1ehcCN5gKTeSMFzdXU3C4OK9okeYpIkPSTpxx1fh5xwvV9u4FgoT1KpUJHegWJIE5w1y_SoBzp7S6gdK3O_P948DyG_5bxmbOa9_RMZ5728pNi5tu1gzvDcrdE6LL3aslnU9U6t4RLrwV4bhyvVEgaiU9dBstbjT0bsUVbZDhT2N-8oQtBEXdZ19XwXJmUkif7K1WcYPZq_paUqaghhsGHXoq9AZvLkZCqGm07Cu7IG3osr6uVS_6o=&xkcb=SoBh-_M3af98L5-pt50KbzkdCdPP&p=10&fvj=0&vjs=3
Software Quality and Test Engineer,Calyx,"Hyderabad, Telangana","₹2,80,679 - ₹7,50,000 a year","1 to 3 years of relevant work experience, preferably in Clinical trials/pharmaceutical environment.Experience of working with a matrix environment.",https://in.indeed.com/pagead/clk?mo=r&ad=-6NYlbfkN0A1q6x1mN0P_wCigYEPqPy8Z490NYurVToaVVNYwVWvYoUGNjHOxLli63vVZqoRv3ser4k71Sx2Ab7o8jgJFchHPdiUx9PSaUnssL9FTbZcEt2ecXXClP3Z7sn9gxBkDiDuP6MmnGwDKN70DpXulTPDRtY0werLpB4AYfu6ucaGD6XLDHB3sBHTmV4JYW6tM5gUteavgq2Zh4CDixQTPYUjt5ImW0OyvpQm07YSFdGKSbNWUnyo__g8BYT795tjEIRY2jL4mlHsFbyL9ik9fXF1TR3nNGHn0aucSmhJVlKL607vuk_83t_Z9uinHpDxyMRc7Wgtd9xIOyo16Pu8RIHJ5BfVf9uP5QCDWGTLXHvv9ogtHG2mhTevAGI49dXpBr_GxKynRdOsqcOdZEWKfgkqDyzfINHX51A62SRMb-_xB9o_mr9VYThkl5bSB1wpkxzLHYZCty0bvR72flSjH_srt00w-YJmXkr1EG0lnn-_VdxA7vxrlDRgDvUX9klg9F0=&xkcb=SoD8-_M3af98L5-pt50JbzkdCdPP&p=11&fvj=1&vjs=3
Software Engineer 4 - Core PTE,Indeed,"Hyderabad, Telangana","₹66,40,000 - ₹99,60,000 a year","As a Software Engineering Manager at Indeed, you will provide hands-on leadership of a team of developers building integrations to partner systems.",https://in.indeed.com/pagead/clk?mo=r&ad=-6NYlbfkN0DWhcgmADz_twSLwem2iYl2ct_LZF9UYK3pCI3i-FPPnosTcElHSHH8OMq4GpF-9BfCPj1dJRHwbJEYPF86U-7vjx85C91lcjzvm4x0BPpV8XEqafH-b_zfqjz0ZP3oRBdyEywExvLQf2xF-59h5657VoHtIKC_qpT0SoS4F2ryyQEa9nHV_ygzzbctnS4_EtXSFhVL1ry5l8zOlHv42MpeoqaYU9adWGanAcYB7a9YZNs68jB5Q-TYJoOoMc_OjP4pxeYfbqZ-B8JPpud7kDUyQDyKP4uwAZLxJ7CsbKn66qigVgMn07i7mFWcEdrygCgC9KB3X_Ak5XZq9d5FZz2vKJ8XO2AM-n4YSd1o9SjGER_FUAptmKX9IdkMRzVtwnYxVmAIEwIpKyEIt7JVc5XE4bAWAvYefFIEzVeRjuHoAIv5V1x6z6duOjKOMtqaAyNdP5GVfTPhTSovuqtGFZC6ZPLg1qlJ_pf-MMXhHH7CoNyT-lICRoLZrygB9Qf1FskEeZR8UnFXgF65vPkQcoBQAXI4j1QTF5PTCZLr5dpL-m_YP966j1PW&xkcb=SoBI-_M3af98L5-pt50IbzkdCdPP&p=12&fvj=0&vjs=3
Full Stack Java Angular Developer - 2 Yr Contract | 0-2 year...,Fantail Technologies Pvt. Ltd.,Remote,"₹4,00,000 - ₹8,00,000 a year",Knowledge of software development life cycle.Fantail is looking for 0-2 years experienced superstars from Top Tier Colleges ONLY to join us as a Java / Full…,https://in.indeed.com/pagead/clk?mo=r&ad=-6NYlbfkN0A2Na-wqMpOL9v07XHOF-rnUcpaU2ztiDMH1PovMRe61Lmtd1LS9kIbQB46RfUdzpApuRL4m1JXw7b50fgsxyhLCNN4cToGw_Qm7HSjpfGyXiWaTlt9_YP15xHd8KNeosBB8BysNLVlWO4SLK7xDugWDJAv8temGoKlb9tD6aAH8d-Ni8VwRMXpZT5pDEcgJZEqzZXejXn-wlMdZ8kFKhtLl-c_3tJlI8_qRI0kjl2agN0JN5xj5BSHid32SuxME6pMSCIl9OdR1c3LK4Pp2zUwsJYc8bulMH8s4bHnHttyp6z6F_Eo-f6LnfH84qoLRmpuxPYoHtvhCqUXmrq5VQ0hwyFVoOoQqfU-a3ZLy-fBmpaM5OUagmc7qUMslkjTppoFC66T38iubirzuzOuZcZTHHj-OtsRdbDQhhvdW6XxYpVmFmN6pX_0BYyl_2zxQ2ZKKqlt6YOOpL9-R3dBtHZU4gWpoMypNhs1E8HiqUasPXkzbAu7CbbEJZVXk4FsdSl0w1nyj442Mv1Xz-Zw3rAXpXKCcAxZjxHZTUViNxrQ8Q==&xkcb=SoDG-_M3af98L5-pt50PbzkdCdPP&p=13&fvj=1&vjs=3
Software Development Engineer,Adobe,"Noida, Uttar Pradesh+1 location",Not Disclosed,Our Company Changing the world through digital experiences is what Adobe’s all about. We give everyone—from emerging artists to global brands—everything they…,https://in.indeed.com/rc/clk?jk=fb031a20ee18c88f&fccid=f89deb5a97c7738a&vjs=3
Software Engineer,IBM,"Pune, Maharashtra+1 location",Not Disclosed,"Software Developers at IBM are the backbone of our strategic initiatives to design, code, test, and provide industry-leading solutions that make the world run…",https://in.indeed.com/rc/clk?jk=748cf716d3aa98d9&fccid=de71a49b535e21cb&vjs=3
Software Quality and Test Engineer,Calyx,"Hyderabad, Telangana","₹2,80,679 - ₹7,50,000 a year","1 to 3 years of relevant work experience, preferably in Clinical trials/pharmaceutical environment.Experience of working with a matrix environment.",https://in.indeed.com/pagead/clk?mo=r&ad=-6NYlbfkN0A1q6x1mN0P_wCigYEPqPy8Z490NYurVToaVVNYwVWvYoUGNjHOxLli63vVZqoRv3ser4k71Sx2Ab7o8jgJFchHPdiUx9PSaUnssL9FTbZcEt2ecXXClP3Z7sn9gxBkDiDuP6MmnGwDKN70DpXulTPDRtY0werLpB4AYfu6ucaGD6XLDHB3sBHTvrKUV8RFYnGMRLmlLqcBQCPKpZkvkLOCR5k4GsxZre41D8BTS8UEmL_mxMP8wLJc9lLzZqsC1HcHuaAyQEoalIoneD_IlHg1HJ53q3NE3TMBWTVuYnNpQjuxdXE64HrkZRoex2zIWcurS23Bai-RSkIB3PP_EhpUFAgEyo0C89jH0pxVHw1phLTR3VPf1yX2T8YuG4EcCgvx1vCLyoKvWZ8skzSpzdv75KYa7YQ69Pt5fZJJxSxJ3CW3yTWEX03DQa8GZMj7DdDcYNjTu1-YFbhvoqXIZ7uvf1H4L9OU5l2gvi8jQELBj89PnU3VHI5t6pWDrAebh3o=&xkcb=SoBq-_M3af971ex9GB0KbzkdCdPP&p=1&fvj=1&vjs=3
Software Engineer,Waviz Technologies Pvt Ltd,"Lucknow, Uttar Pradesh","₹1,50,000 a year",Candidate should have graduate degree ( BCA/B.Tech/B.Sc).Candidate should have good communication skills.Candidate should have basic knowledge of C/C++/Java…,https://in.indeed.com/company/Waviz-Technologies-Pvt-Ltd/jobs/Software-Engineer-31e12f241a29172c?fccid=98ee51bcefe974e4&vjs=3
Software Engineer,CGI Inc,"Bengaluru, Karnataka+2 locations",Not Disclosed,"Extremely comfortable in understanding the customer pain points and Providing good Technical solutions.Very strong Logical Reasoning and Analytical thinking,…",https://in.indeed.com/rc/clk?jk=6cb8122c7143385e&fccid=43a69183767d4301&vjs=3
Python Developer,Infosys Limited,"Bengaluru, Karnataka+1 location",Not Disclosed,2 – 3 years: Profile 1: Looking for candidates with firm understanding of Python Data Structures and Object Oriented programming.,https://in.indeed.com/pagead/clk?mo=r&ad=-6NYlbfkN0C0E1kVSxZWqg_3rwn6zUnYbszXdTQpf9L-zhTFANv_MIJ-LsmYd4ECt-y6Uekf4eOZfXrYYcl2LVnH9uO2Y_DyfLCrDVXP07VPS_M-941xyRlmx2SVMRhPJFzseCG_0yG17Dm9CgIFL2QD7EdLfFaLsAY1BBrtK43WlJZwD-g0X-3RJDtzGnmMuWl_JCA3BADaG9qukAqlbysGpNyuPRnV-3dBgrvccnC6NtXt5r320bb-dj7zLJkhYrpbHfcQtNd4KOJj--W5Jwbem6ZAeKXtsNOnPkpykvP9YMYOfEoODj14s-iATfKdKBsztstff2fY827zj8hZBK2RhJ52CJBzbhCyNnJDyXtF2g-dzR5EM88aPpi_2G81S76KSINV0hkszAL7arGPF_FnEgPRVvKhHKJ-R-1iuvtFt5Kyo1awnoTjUVra9o1WqwAHoo4idJdAghTNA2h34CzuDwldw-ez6eZsWTZsXNtDC2V5jOCsGSy1mHNphAMCPtWVCSvyoN3Yzasec5-_NA==&xkcb=SoBB-_M3af971ZR9GB0JbzkdCdPP&p=4&fvj=0&vjs=3
Software Engineer,Maersk,"Bengaluru, Karnataka+1 location",Not Disclosed,Prioritizes efficient code production by using open-source frameworks and patterns.The software engineer can works across the full stack or be specialized in e…,https://in.indeed.com/rc/clk?jk=e621f9ffe7a9f0f6&fccid=14e7391c55beeb80&vjs=3
Software Developer,VIVCLOUD TECHNOLOGIES PRIVATE LIMITED,"Lucknow, Uttar Pradesh","₹8,086 - ₹28,868 a month","Prepare and produce releases of software components.Analyze user requirements to define business objectives.Write well designed, testable code.",https://in.indeed.com/company/VIVCLOUD-TECHNOLOGIES-PRIVATE-LIMITED/jobs/Software-Developer-580d0b05e3a13c55?fccid=3111814050ef07f6&vjs=3
Software Engineer Trainee,Hashstudioz Technologies Pvt. Ltd.,"Remote in Noida, Uttar Pradesh","₹10,000 - ₹25,000 a month","Software Engineer Fresher: In this role you will work with other developers, designers, and business managers to develop features for web applications as well…",https://in.indeed.com/company/HashStudioz-Technologies-Pvt-Ltd/jobs/Software-Engineer-Trainee-656fdc0b1b469693?fccid=c90b199ca4defef0&vjs=3
Software Engineer 2 - Backend Engineer,Microsoft,"Hyderabad, Telangana",Not Disclosed,"Strong design, coding, debugging, problem-solving skills.Track record shipping complex commercial software successfully.4+ years of programming experience.",https://in.indeed.com/rc/clk?jk=e50b4b9ad00da5b5&fccid=734cb5a01ee60f80&vjs=3
"Software Engineer, Embedded Systems",Google,"Bengaluru, Karnataka",Not Disclosed,"We're looking for engineers who bring fresh ideas from all areas, including information retrieval, distributed computing, large-scale system design, networking…",https://in.indeed.com/pagead/clk?mo=r&ad=-6NYlbfkN0B6LV1r5rpdxHXQFKF2tEJssbaTH9yAUMN6EqMbe2y0QSZpXHZGWWZrzev39fli2Y9QBYcPLJbCW0n91iaulaZ6Dr1nwEqClBVnoxzCClO1CKLFX3zWL8iIfnNFS7fphz0Y4z-ie8GW3ptay0fyvT6l0QJso4b8xJ3YbWg-DvO4G655juzTRrRj5XJ9PXwhMP06bIbYMU89rG7UJFZZfdgqx-63KNKzpBd86i_EvPKwkNW7r_WIfS2i0y8_EOTsdc8A1bnjRV_pH2mmL4c9FPqMiMfw1tZbxLNrK0NVPudLfCFbbZLn8kcmbEwZZChyhtpp7GeYWx6D99cndukBmohj9DlNribM5pO__753x8GJ4WWxCVvMQcxYRZRhoMk2f3gUqlLamDGhVtoN6xaM_bBXps3_I6Td2Vz4wrL6pA4Wo4kgwRmIm74AUL-nbyZFuX-uTv9lzwpVxOOduSqXjU7A3OxsSF9LaXrySDbHjgngNirez1ohcXbrMlzDLoUnmiUvdotXAbNMaNKeNiQ-p7sKab36kpZp68tBGbs5pl7jaBBg_fAJJdXJ1TFE_BooQZWQ36mHWFvmcYhVS9Wobuy4dYbGohnzartQMC-9m-93OXLtlJUnUyZEXklWREtHG384Bn0hJCtpv05Fl_j7M-8-xegH7EjTNj87_IUOcFMG6WWuAvGPpOCew8WnAi1qdfehqeESbjNuYgcilf6yyxnLo3J1pSfuZKrmY4zOYiAeV1MER837aq4e_GwdmiymmJA=&xkcb=SoAt-_M3af971Zx9GB0LbzkdCdPP&p=9&fvj=0&vjs=3
Software Engineer,Augurs Technologies Pvt. Ltd,"Remote in Lucknow, Uttar Pradesh","₹10,000 a month","Tech Lead- AI/ ML, Python PHP, and .Net.\* 5 Days working in week.Lucknow, Lucknow - 226010, Uttar Pradesh: Reliably commute or planning to relocate before…",https://in.indeed.com/company/Augurs-Technologies-Pvt.-Ltd/jobs/Software-Engineer-8c5904306d7efaed?fccid=8d85024cfeb37ef5&vjs=3
Software Engineer,MPowerUrge,"Ghaziabad, Uttar Pradesh","₹3,00,000 a year",_All selected candidates will undergo 6-month technical training.*ALL SELECTED CANDIDATES WILL UNDERGO 6 MONTH TECHNICAL TRAINING.,https://in.indeed.com/company/MPowerUrge/jobs/Software-Engineer-d79307c762ee4f87?fccid=7db275dea14c1ddd&vjs=3
Sr. Software Engineer (WFH),Terainium Private Limited,"Remote in Bengaluru, Karnataka","₹8,00,000 - ₹22,00,000 a year",Object Oriented analysis and design using common design patterns.Participate in design discussion for new requirements while adhering to the software…,https://in.indeed.com/company/Terainium-Private-Limited/jobs/Senior-Software-Engineer-bf113215939e1a52?fccid=c0cb50a968f609e5&vjs=3
Software Engineer,Microsoft,"Hyderabad, Telangana+2 locations",Not Disclosed,"Setting up engineering strategy for the team both from technical and business front.Ensuring that all programs are delivered with agreed upon business value,…",https://in.indeed.com/rc/clk?jk=62ac9f9c8248d01c&fccid=734cb5a01ee60f80&vjs=3
Software Engineer Trainee,Shri Ramswaroop Digital Technologies Pvt. Ltd.,"Lucknow, Uttar Pradesh","₹10,000 - ₹15,000 a month",Experienced and Strong Understanding of the development/coding.Conceptually clear of OOPS (Object Oriented Programming) concepts.,https://in.indeed.com/company/Shri-Ramswaroop-Digital-Technologies-Pvt.-Ltd./jobs/Software-Engineer-Trainee-e0eb2949cbcd10be?fccid=0cc873f9071fcd1c&vjs=3
Software Developer,Siemens Healthineers,"Bengaluru, Karnataka",Not Disclosed,"Requirement analysis, Design and development of technical solutions as per the specification/design.Technical expertise with Operating system concepts and…",https://in.indeed.com/rc/clk?jk=82193b252e3ae98b&fccid=c5679bf29a1db253&vjs=3
Software Engineer_QA,IBM,"Bengaluru, Karnataka",Not Disclosed,"2-4 years of experience in software testing in the workplace.Software Developers at IBM are the backbone of our strategic initiatives to design, code, test,…",https://in.indeed.com/rc/clk?jk=1930ab221551cab1&fccid=de71a49b535e21cb&vjs=3
Software Engineer,BlakTronics Investigation Labs,"New Delhi, Delhi","₹30,000 a month","To be able to build applications on python programming language.Job Types: Full-time, Regular / Permanent.Total work: 1 year (Preferred).",https://in.indeed.com/company/BlakTronics-Investigation-Labs/jobs/Software-Engineer-75f53f840dd3c472?fccid=191814c5ca2e2dd1&vjs=3
Junior Software Developer,Autodesk,"Remote in Pune, Maharashtra",Not Disclosed,"Writing reusable, testable, and efficient code.A proactive, accountable person with an understanding of full software development lifecycle.",https://in.indeed.com/rc/clk?jk=7f409cf4785e4999&fccid=7136762d065a5ad7&vjs=3
Website Designer and Developer,Digi Epitome,"Lucknow, Uttar Pradesh","₹15,000 - ₹25,000 a month","Write well designed, testable, efficient code by using best software development practices.Proven working experience of 3 to 5 years in web programming.",https://in.indeed.com/company/Digi-Epitome/jobs/Website-Designer-Developer-236ec5c2763f3ec1?fccid=26c8b0b08080299e&vjs=3
Software Engineer,DocPulse,"Bengaluru, Karnataka","₹2,40,000 - ₹3,60,000 a year",Troubleshooting and debugging issues and provide fixes to software issues.Demonstrable experience ( via github etc ) of working with coding projects in college…,https://in.indeed.com/company/DocPulse/jobs/Software-Engineer-ed1aab219258babe?fccid=4c126a32209f8682&vjs=3
Software Engineer (Backend) - SDE- I,Clootrack,Remote,Not Disclosed,"Continuously champion high-quality software engineering practices - from planning, implementation, test automation, documentation, code reviews, scaling,…",https://in.indeed.com/rc/clk?jk=7cb5258b083260fb&fccid=f9986eca917da32f&vjs=3
Experienced React JS Front end Developer,SAS One Pvt. Ltd.,"Lucknow, Uttar Pradesh","₹15,000 - ₹50,000 a month","Experience using Google Firebase and some analytics tools.In-depth understanding of the entire web development process (design, development and deployment).",https://in.indeed.com/company/One-Corp/jobs/Experienced-React-Js-Front-End-Developer-cfa978540450292d?fccid=ce1bc98f547a4642&vjs=3
Software Test Engineer - Remote,Madhulata Infotech Pvt. Ltd,"Remote in Delhi, Delhi","₹1,50,000 - ₹3,00,000 a year",Presenting findings to software development and business user teams.Strong verbal and written communication skills with the ability to liaise with a variety of…,https://in.indeed.com/company/Madhulata-Infotech-Pvt.-Ltd/jobs/Software-Test-Engineer-1f2f5f29d5435299?fccid=f4a7f143c669cc2b&vjs=3
Software Engineer (Fresher),FirstWire Apps,"Lucknow, Uttar Pradesh","₹15,000 a month",Position available is Trainee-Software Engineer.Joining will be given immediately and training will be provided to the shortlisted candidates in the respective…,https://in.indeed.com/company/FirstWire/jobs/Software-Engineer-cafa413265966caf?fccid=227c75a5823d9ee1&vjs=3
Associate Software Engineer,CloudVandana Solution,"Remote in Bengaluru, Karnataka","₹3,00,000 a year",Open to new challenges and learning and flexible to work and support the team as per the business need.Quick learner with good communication skills.·.,https://in.indeed.com/company/CloudVandana-Solution/jobs/Associate-Software-Engineer-ea76677e1cec8a52?fccid=ffe722fcf84a70d7&vjs=3
Junior Software Engineer,Midaas Telesoft Private Limited,"Ahmedabad, Gujarat","₹30,000 - ₹40,000 a month","Experience with UNIX/Linux or Windows environments, distributed systems, information retrieval, web development, and TCP/IP preferred.Experience in Go, Java.",https://in.indeed.com/company/Midaas-Telesoft-Private-Limited/jobs/Junior-Software-Engineer-0f27c98fd2360775?fccid=6a6cce9b0f694b28&vjs=3
DevOps Engineer,"Conference Technologies, Inc.","Temporarily Remote in Pune, Maharashtra","₹5,08,000 a year",Work on a software development team to create and maintain internal and external business products.Coordinate within a cross-departmental team to solve…,https://in.indeed.com/pagead/clk?mo=r&ad=-6NYlbfkN0AiNMvsi1d0NtjZYREhIAd6FHX2DLU0Qp6h76bZjiVpN0Var1NhMjAipjR-qdvzUer1QF16tpxQ-5FY0poZ22TYdVIoX8KDwMc2OKWqqRpuJGqoyw5p4sSiQxVggDQT5pZzKQpxM8c_B2glAPoOFMioGIcyjeA3KBewfFhBhOwXNSCBXWiG3sW4FtBPTLrfBPMsoZfbgcv30UrJ6OgRMUG8UW_sbfoEEYkk0TZirkKYoO9yUtFJ6OGGTnRs2kd1CBClXMkLGo3wPzWF_6G0iBjfBcgWpu5NKFrzW2H-Ph-iL2H6lMzFYfkFUAtGPWoiSaqH-u-GAVwRu8_DNrbmtUGkxLnHEqcO1Q2FnWCU_qmJQQVzSLS5W6di4u4nZYMUz52H--54MaPSkKTMw7-_AWvQlEINH_U_ngDt0_nQk2SMcnuHaqtm6ICaIRYXBjxgmiflecSEYbZQQDEd-m4r5ZKmBU23xMdFBDU=&xkcb=SoCo-_M3af978w31Fp0KbzkdCdPP&p=12&fvj=1&vjs=3
React Developer,Tigeen Solutions (P) Ltd,"Remote in Lucknow, Uttar Pradesh+5 locations","₹20,000 - ₹60,000 a month","Experience in ReactJS/React Native (Required).Job Types: Full-time, Regular / Permanent.",https://in.indeed.com/company/Tigeensolutions.com/jobs/React-Developer-419058814e4cbe74?fccid=da45ea01596852ad&vjs=3
Jr Software Developer,Siemens,"Chennai, Tamil Nadu",Not Disclosed,"The ability to communicate complex procedures to other colleagues.Deploying software tools, processes, and metrics.Writing and implementing efficient code.",https://in.indeed.com/rc/clk?jk=7a72d93d58944b70&fccid=ea6bb53f0b18b8f2&vjs=3
